timestamp,value,unique_id
7/1/2011 0:00,0.081964736,1
7/1/2011 1:00,0.098972236,2
7/1/2011 2:00,0.065313949,3
7/1/2011 3:00,0.070662834,4
7/1/2011 4:00,0.102490196,5
7/1/2011 5:00,0.123394649,6
7/1/2011 6:00,0.153045113,7
7/1/2011 7:00,0.148321513,8
7/1/2011 8:00,0.218257757,9
7/1/2011 9:00,0.226597938,10
7/1/2011 10:00,0.174045802,11
7/1/2011 11:00,0.159901961,12
7/1/2011 12:00,0.145626478,13
7/1/2011 13:00,0.143828571,14
7/1/2011 14:00,0.136604651,15
7/1/2011 15:00,0.134952494,16
7/1/2011 16:00,0.112707775,17
7/1/2011 17:00,0.103763278,18
7/1/2011 18:00,0.098714777,19
7/1/2011 19:00,0.091624758,20
7/1/2011 20:00,0.080495169,21
7/1/2011 21:00,0.084578393,22
7/1/2011 22:00,0.086664316,23
7/1/2011 23:00,0.098831668,24
7/2/2011 0:00,0.117956147,25
7/2/2011 1:00,0.090976923,26
7/2/2011 2:00,0.084324324,27
7/2/2011 3:00,0.069474482,28
7/2/2011 4:00,0.071287575,29
7/2/2011 5:00,0.073819918,30
7/2/2011 6:00,0.113498134,31
7/2/2011 7:00,0.141458065,32
7/2/2011 8:00,0.189128788,33
7/2/2011 9:00,0.151339713,34
7/2/2011 10:00,0.155231144,35
7/2/2011 11:00,0.142982456,36
7/2/2011 12:00,0.144218182,37
7/2/2011 13:00,0.143366501,38
7/2/2011 14:00,0.152361516,39
7/2/2011 15:00,0.143050228,40
7/2/2011 16:00,0.102183829,41
7/2/2011 17:00,0.092473118,42
7/2/2011 18:00,0.076455696,43
7/2/2011 19:00,0.074353019,44
7/2/2011 20:00,0.070989384,45
7/2/2011 21:00,0.057190883,46
7/2/2011 22:00,0.062909636,47
7/2/2011 23:00,0.065544768,48
7/3/2011 0:00,0.056716016,49
7/3/2011 1:00,0.058760717,50
7/3/2011 2:00,0.059878855,51
7/3/2011 3:00,0.051283237,52
7/3/2011 4:00,0.059108607,53
7/3/2011 5:00,0.069139908,54
7/3/2011 6:00,0.0919631,55
7/3/2011 7:00,0.124621212,56
7/3/2011 8:00,0.218095238,57
7/3/2011 9:00,0.172130326,58
7/3/2011 10:00,0.142936288,59
7/3/2011 11:00,0.14734139,60
7/3/2011 12:00,0.123138298,61
7/3/2011 13:00,0.123795987,62
7/3/2011 14:00,0.121458797,63
7/3/2011 15:00,0.114387597,64
7/3/2011 16:00,0.089491289,65
7/3/2011 17:00,0.07978517,66
7/3/2011 18:00,0.072425676,67
7/3/2011 19:00,0.067105263,68
7/3/2011 20:00,0.06257185,69
7/3/2011 21:00,0.051205734,70
7/3/2011 22:00,0.050217722,71
7/3/2011 23:00,0.053083333,72
7/4/2011 0:00,0.045465814,73
7/4/2011 1:00,0.048201189,74
7/4/2011 2:00,0.042470708,75
7/4/2011 3:00,0.03619477,76
7/4/2011 4:00,0.042347956,77
7/4/2011 5:00,0.061608133,78
7/4/2011 6:00,0.097394958,79
7/4/2011 7:00,0.122106918,80
7/4/2011 8:00,0.182614213,81
7/4/2011 9:00,0.176124567,82
7/4/2011 10:00,0.146950673,83
7/4/2011 11:00,0.121809045,84
7/4/2011 12:00,0.127351695,85
7/4/2011 13:00,0.111390533,86
7/4/2011 14:00,0.123798817,87
7/4/2011 15:00,0.110897571,88
7/4/2011 16:00,0.086406995,89
7/4/2011 17:00,0.085790109,90
7/4/2011 18:00,0.071233397,91
7/4/2011 19:00,0.066484018,92
7/4/2011 20:00,0.063366108,93
7/4/2011 21:00,0.060272861,94
7/4/2011 22:00,0.060493542,95
7/4/2011 23:00,0.059634551,96
7/5/2011 0:00,0.055502309,97
7/5/2011 1:00,0.042670157,98
7/5/2011 2:00,0.045455079,99
7/5/2011 3:00,0.037270087,100
7/5/2011 4:00,0.044820675,101
7/5/2011 5:00,0.064996549,102
7/5/2011 6:00,0.094818653,103
7/5/2011 7:00,0.117721739,104
7/5/2011 8:00,0.176833333,105
7/5/2011 9:00,0.146557377,106
7/5/2011 10:00,0.133574297,107
7/5/2011 11:00,0.139591837,108
7/5/2011 12:00,0.113243243,109
7/5/2011 13:00,0.121060071,110
7/5/2011 14:00,0.119309211,111
7/5/2011 15:00,0.105715847,112
7/5/2011 16:00,0.090855355,113
7/5/2011 17:00,0.082475822,114
7/5/2011 18:00,0.074498037,115
7/5/2011 19:00,0.07572402,116
7/5/2011 20:00,0.070483683,117
7/5/2011 21:00,0.065922849,118
7/5/2011 22:00,0.050897325,119
7/5/2011 23:00,0.055069444,120
7/6/2011 0:00,0.059264777,121
7/6/2011 1:00,0.050658147,122
7/6/2011 2:00,0.040954998,123
7/6/2011 3:00,0.035487312,124
7/6/2011 4:00,0.058423598,125
7/6/2011 5:00,0.097973641,126
7/6/2011 6:00,0.109025424,127
7/6/2011 7:00,0.11874026,128
7/6/2011 8:00,0.171501416,129
7/6/2011 9:00,0.177857143,130
7/6/2011 10:00,0.138678414,131
7/6/2011 11:00,0.140806452,132
7/6/2011 12:00,0.153417722,133
7/6/2011 13:00,0.111400709,134
7/6/2011 14:00,0.11415493,135
7/6/2011 15:00,0.117304262,136
7/6/2011 16:00,0.087175325,137
7/6/2011 17:00,0.090565693,138
7/6/2011 18:00,0.082823397,139
7/6/2011 19:00,0.088517463,140
7/6/2011 20:00,0.084933613,141
7/6/2011 21:00,0.092785088,142
7/6/2011 22:00,0.080655984,143
7/6/2011 23:00,0.073771429,144
7/7/2011 0:00,0.058978523,145
7/7/2011 1:00,0.051882938,146
7/7/2011 2:00,0.039915292,147
7/7/2011 3:00,0.036556535,148
7/7/2011 4:00,0.042285291,149
7/7/2011 5:00,0.059911111,150
7/7/2011 6:00,0.06836,151
7/7/2011 7:00,0.078541247,152
7/7/2011 8:00,0.1369,153
7/7/2011 9:00,0.13437247,154
7/7/2011 10:00,0.130298103,155
7/7/2011 11:00,0.094025559,156
7/7/2011 12:00,0.0949642,157
7/7/2011 13:00,0.079772727,158
7/7/2011 14:00,0.086584094,159
7/7/2011 15:00,0.08284898,160
7/7/2011 16:00,0.064344086,161
7/7/2011 17:00,0.063186678,162
7/7/2011 18:00,0.058831237,163
7/7/2011 19:00,0.055301837,164
7/7/2011 20:00,0.063617747,165
7/7/2011 21:00,0.069661654,166
7/7/2011 22:00,0.067209302,167
7/7/2011 23:00,0.064766839,168
7/8/2011 0:00,0.052928686,169
7/8/2011 1:00,0.043,170
7/8/2011 2:00,0.037084732,171
7/8/2011 3:00,0.029056261,172
7/8/2011 4:00,0.039034279,173
7/8/2011 5:00,0.054775087,174
7/8/2011 6:00,0.077652733,175
7/8/2011 7:00,0.105649203,176
7/8/2011 8:00,0.106728625,177
7/8/2011 9:00,0.130313589,178
7/8/2011 10:00,0.114,179
7/8/2011 11:00,0.098298611,180
7/8/2011 12:00,0.089616056,181
7/8/2011 13:00,0.082061483,182
7/8/2011 14:00,0.07752551,183
7/8/2011 15:00,0.080700525,184
7/8/2011 16:00,0.063021371,185
7/8/2011 17:00,0.071095764,186
7/8/2011 18:00,0.069233302,187
7/8/2011 19:00,0.057828877,188
7/8/2011 20:00,0.050911661,189
7/8/2011 21:00,0.056659903,190
7/8/2011 22:00,0.051887967,191
7/8/2011 23:00,0.04989457,192
7/9/2011 0:00,0.050913677,193
7/9/2011 1:00,0.054345157,194
7/9/2011 2:00,0.046587396,195
7/9/2011 3:00,0.040838446,196
7/9/2011 4:00,0.056903932,197
7/9/2011 5:00,0.065549898,198
7/9/2011 6:00,0.083015267,199
7/9/2011 7:00,0.103198925,200
7/9/2011 8:00,0.137385399,201
7/9/2011 9:00,0.124793187,202
7/9/2011 10:00,0.10893617,203
7/9/2011 11:00,0.110889423,204
7/9/2011 12:00,0.102679181,205
7/9/2011 13:00,0.084670886,206
7/9/2011 14:00,0.074122984,207
7/9/2011 15:00,0.068836018,208
7/9/2011 16:00,0.060932153,209
7/9/2011 17:00,0.051182109,210
7/9/2011 18:00,0.073270321,211
7/9/2011 19:00,0.074702145,212
7/9/2011 20:00,0.069360119,213
7/9/2011 21:00,0.06977088,214
7/9/2011 22:00,0.052871823,215
7/9/2011 23:00,0.06055464,216
7/10/2011 0:00,0.067903458,217
7/10/2011 1:00,0.055381844,218
7/10/2011 2:00,0.041064534,219
7/10/2011 3:00,0.03905,220
7/10/2011 4:00,0.045213483,221
7/10/2011 5:00,0.056860347,222
7/10/2011 6:00,0.07129812,223
7/10/2011 7:00,0.088981043,224
7/10/2011 8:00,0.149263352,225
7/10/2011 9:00,0.12248,226
7/10/2011 10:00,0.116993318,227
7/10/2011 11:00,0.111520343,228
7/10/2011 12:00,0.100423729,229
7/10/2011 13:00,0.080733813,230
7/10/2011 14:00,0.088548387,231
7/10/2011 15:00,0.084552083,232
7/10/2011 16:00,0.08031185,233
7/10/2011 17:00,0.075205306,234
7/10/2011 18:00,0.060411413,235
7/10/2011 19:00,0.061179214,236
7/10/2011 20:00,0.058161976,237
7/10/2011 21:00,0.055738744,238
7/10/2011 22:00,0.055729227,239
7/10/2011 23:00,0.055487179,240
7/11/2011 0:00,0.043595647,241
7/11/2011 1:00,0.041014071,242
7/11/2011 2:00,0.039070866,243
7/11/2011 3:00,0.048408505,244
7/11/2011 4:00,0.054830623,245
7/11/2011 5:00,0.079884679,246
7/11/2011 6:00,0.090454545,247
7/11/2011 7:00,0.109911504,248
7/11/2011 8:00,0.14953125,249
7/11/2011 9:00,0.12896679,250
7/11/2011 10:00,0.120981132,251
7/11/2011 11:00,0.106425993,252
7/11/2011 12:00,0.098068783,253
7/11/2011 13:00,0.089595588,254
7/11/2011 14:00,0.083107256,255
7/11/2011 15:00,0.076152993,256
7/11/2011 16:00,0.069559184,257
7/11/2011 17:00,0.080069018,258
7/11/2011 18:00,0.071306687,259
7/11/2011 19:00,0.068901617,260
7/11/2011 20:00,0.06570761,261
7/11/2011 21:00,0.048883277,262
7/11/2011 22:00,0.044633472,263
7/11/2011 23:00,0.043705781,264
7/12/2011 0:00,0.040554839,265
7/12/2011 1:00,0.039598429,266
7/12/2011 2:00,0.037649728,267
7/12/2011 3:00,0.027385573,268
7/12/2011 4:00,0.039974864,269
7/12/2011 5:00,0.051257822,270
7/12/2011 6:00,0.076863839,271
7/12/2011 7:00,0.084454023,272
7/12/2011 8:00,0.134916318,273
7/12/2011 9:00,0.130771812,274
7/12/2011 10:00,0.122636364,275
7/12/2011 11:00,0.116319218,276
7/12/2011 12:00,0.113074935,277
7/12/2011 13:00,0.095758123,278
7/12/2011 14:00,0.09483871,279
7/12/2011 15:00,0.088389095,280
7/12/2011 16:00,0.080534709,281
7/12/2011 17:00,0.083805447,282
7/12/2011 18:00,0.06994716,283
7/12/2011 19:00,0.071972444,284
7/12/2011 20:00,0.071686636,285
7/12/2011 21:00,0.075168213,286
7/12/2011 22:00,0.07018297,287
7/12/2011 23:00,0.062485346,288
7/13/2011 0:00,0.059102197,289
7/13/2011 1:00,0.056449034,290
7/13/2011 2:00,0.049585383,291
7/13/2011 3:00,0.042801383,292
7/13/2011 4:00,0.06172,293
7/13/2011 5:00,0.078739496,294
7/13/2011 6:00,0.10447619,295
7/13/2011 7:00,0.137398844,296
7/13/2011 8:00,0.173003096,297
7/13/2011 9:00,0.160666667,298
7/13/2011 10:00,0.140447761,299
7/13/2011 11:00,0.145413223,300
7/13/2011 12:00,0.105280665,301
7/13/2011 13:00,0.109710145,302
7/13/2011 14:00,0.119234234,303
7/13/2011 15:00,0.109706522,304
7/13/2011 16:00,0.1125,305
7/13/2011 17:00,0.08062342,306
7/13/2011 18:00,0.075175695,307
7/13/2011 19:00,0.064336147,308
7/13/2011 20:00,0.063274814,309
7/13/2011 21:00,0.052757167,310
7/13/2011 22:00,0.058752556,311
7/13/2011 23:00,0.067505315,312
7/14/2011 0:00,0.063064771,313
7/14/2011 1:00,0.054271267,314
7/14/2011 2:00,0.045443787,315
7/14/2011 3:00,0.042784392,316
7/14/2011 4:00,0.075488804,317
7/14/2011 5:00,0.12162963,318
7/14/2011 6:00,0.104147465,319
7/14/2011 7:00,0.116853002,320
7/14/2011 8:00,0.163841463,321
7/14/2011 9:00,0.134169492,322
7/14/2011 10:00,0.119638554,323
7/14/2011 11:00,0.105258216,324
7/14/2011 12:00,0.139400428,325
7/14/2011 13:00,0.172899729,326
7/14/2011 14:00,0.143414286,327
7/14/2011 15:00,0.113112981,328
7/14/2011 16:00,0.102432083,329
7/14/2011 17:00,0.094590542,330
7/14/2011 18:00,0.087689211,331
7/14/2011 19:00,0.076991774,332
7/14/2011 20:00,0.066064158,333
7/14/2011 21:00,0.068651575,334
7/14/2011 22:00,0.063086752,335
7/14/2011 23:00,0.066871629,336
7/15/2011 0:00,0.066568,337
7/15/2011 1:00,0.064297189,338
7/15/2011 2:00,0.054599303,339
7/15/2011 3:00,0.048802083,340
7/15/2011 4:00,0.065741525,341
7/15/2011 5:00,0.083134963,342
7/15/2011 6:00,0.097261905,343
7/15/2011 7:00,0.128293651,344
7/15/2011 8:00,0.142421053,345
7/15/2011 9:00,0.143630573,346
7/15/2011 10:00,0.107873754,347
7/15/2011 11:00,0.128459119,348
7/15/2011 12:00,0.153944954,349
7/15/2011 13:00,0.121011905,350
7/15/2011 14:00,0.122206349,351
7/15/2011 15:00,0.119244114,352
7/15/2011 16:00,0.125719258,353
7/15/2011 17:00,0.105527473,354
7/15/2011 18:00,0.107925532,355
7/15/2011 19:00,0.101285141,356
7/15/2011 20:00,0.078224756,357
7/15/2011 21:00,0.079442254,358
7/15/2011 22:00,0.066671839,359
7/15/2011 23:00,0.067968476,360
7/16/2011 0:00,0.062831695,361
7/16/2011 1:00,0.057627997,362
7/16/2011 2:00,0.051585723,363
7/16/2011 3:00,0.045933587,364
7/16/2011 4:00,0.059397089,365
7/16/2011 5:00,0.069084732,366
7/16/2011 6:00,0.084513382,367
7/16/2011 7:00,0.128930988,368
7/16/2011 8:00,0.133377778,369
7/16/2011 9:00,0.133666667,370
7/16/2011 10:00,0.110243902,371
7/16/2011 11:00,0.124468085,372
7/16/2011 12:00,0.129587426,373
7/16/2011 13:00,0.116791277,374
7/16/2011 14:00,0.131853659,375
7/16/2011 15:00,0.123547995,376
7/16/2011 16:00,0.106280992,377
7/16/2011 17:00,0.087540816,378
7/16/2011 18:00,0.084895903,379
7/16/2011 19:00,0.085023585,380
7/16/2011 20:00,0.088818263,381
7/16/2011 21:00,0.080644614,382
7/16/2011 22:00,0.091681818,383
7/16/2011 23:00,0.095101143,384
7/17/2011 0:00,0.082313061,385
7/17/2011 1:00,0.083948413,386
7/17/2011 2:00,0.071404959,387
7/17/2011 3:00,0.066845387,388
7/17/2011 4:00,0.08983215,389
7/17/2011 5:00,0.086433824,390
7/17/2011 6:00,0.096319176,391
7/17/2011 7:00,0.13395122,392
7/17/2011 8:00,0.129698113,393
7/17/2011 9:00,0.113882353,394
7/17/2011 10:00,0.103264033,395
7/17/2011 11:00,0.123671233,396
7/17/2011 12:00,0.118403361,397
7/17/2011 13:00,0.120855263,398
7/17/2011 14:00,0.128103933,399
7/17/2011 15:00,0.123614865,400
7/17/2011 16:00,0.103994169,401
7/17/2011 17:00,0.092182502,402
7/17/2011 18:00,0.078453901,403
7/17/2011 19:00,0.069160839,404
7/17/2011 20:00,0.086068503,405
7/17/2011 21:00,0.081293735,406
7/17/2011 22:00,0.076659436,407
7/17/2011 23:00,0.068884555,408
7/18/2011 0:00,0.083101737,409
7/18/2011 1:00,0.056220892,410
7/18/2011 2:00,0.054235869,411
7/18/2011 3:00,0.052963179,412
7/18/2011 4:00,0.057367658,413
7/18/2011 5:00,0.08081381,414
7/18/2011 6:00,0.082877138,415
7/18/2011 7:00,0.098482428,416
7/18/2011 8:00,0.133706721,417
7/18/2011 9:00,0.125448505,418
7/18/2011 10:00,0.112797203,419
7/18/2011 11:00,0.13326087,420
7/18/2011 12:00,0.114242424,421
7/18/2011 13:00,0.109731959,422
7/18/2011 14:00,0.110627119,423
7/18/2011 15:00,0.132359155,424
7/18/2011 16:00,0.108308004,425
7/18/2011 17:00,0.112766935,426
7/18/2011 18:00,0.086707106,427
7/18/2011 19:00,0.066647662,428
7/18/2011 20:00,0.061006329,429
7/18/2011 21:00,0.063356481,430
7/18/2011 22:00,0.05776083,431
7/18/2011 23:00,0.059282622,432
7/19/2011 0:00,0.058606557,433
7/19/2011 1:00,0.060243902,434
7/19/2011 2:00,0.05811152,435
7/19/2011 3:00,0.053624801,436
7/19/2011 4:00,0.075921429,437
7/19/2011 5:00,0.095681382,438
7/19/2011 6:00,0.145669456,439
7/19/2011 7:00,0.078140127,440
7/19/2011 8:00,0.12685567,441
7/19/2011 9:00,0.135876289,442
7/19/2011 10:00,0.123628692,443
7/19/2011 11:00,0.112779923,444
7/19/2011 12:00,0.108265306,445
7/19/2011 13:00,0.101017964,446
7/19/2011 14:00,0.119724311,447
7/19/2011 15:00,0.10519774,448
7/19/2011 16:00,0.104038997,449
7/19/2011 17:00,0.087627965,450
7/19/2011 18:00,0.078652612,451
7/19/2011 19:00,0.078549368,452
7/19/2011 20:00,0.072087994,453
7/19/2011 21:00,0.06907208,454
7/19/2011 22:00,0.064645355,455
7/19/2011 23:00,0.058105833,456
7/20/2011 0:00,0.047113127,457
7/20/2011 1:00,0.047086368,458
7/20/2011 2:00,0.044111167,459
7/20/2011 3:00,0.039803536,460
7/20/2011 4:00,0.053155296,461
7/20/2011 5:00,0.083135518,462
7/20/2011 6:00,0.085826397,463
7/20/2011 7:00,0.11486014,464
7/20/2011 8:00,0.140924092,465
7/20/2011 9:00,0.145905797,466
7/20/2011 10:00,0.119804688,467
7/20/2011 11:00,0.105261324,468
7/20/2011 12:00,0.114985163,469
7/20/2011 13:00,0.121788079,470
7/20/2011 14:00,0.123,471
7/20/2011 15:00,0.101586667,472
7/20/2011 16:00,0.10502907,473
7/20/2011 17:00,0.088681263,474
7/20/2011 18:00,0.076380952,475
7/20/2011 19:00,0.072099203,476
7/20/2011 20:00,0.084678549,477
7/20/2011 21:00,0.086369168,478
7/20/2011 22:00,0.085827221,479
7/20/2011 23:00,0.08816609,480
7/21/2011 0:00,0.072550967,481
7/21/2011 1:00,0.05041507,482
7/21/2011 2:00,0.053995609,483
7/21/2011 3:00,0.049829389,484
7/21/2011 4:00,0.063820446,485
7/21/2011 6:00,0.089658824,486
7/21/2011 7:00,0.098334802,487
7/21/2011 8:00,0.15619469,488
7/21/2011 9:00,0.113283019,489
7/21/2011 10:00,0.12147929,490
7/21/2011 11:00,0.117583333,491
7/21/2011 12:00,0.125575486,492
7/21/2011 13:00,0.125865237,493
7/21/2011 14:00,0.129348231,494
7/21/2011 15:00,0.122638191,495
7/21/2011 16:00,0.10281407,496
7/21/2011 17:00,0.08875,497
7/21/2011 18:00,0.088456474,498
7/21/2011 19:00,0.086137615,499
7/21/2011 20:00,0.078602719,500
7/21/2011 21:00,0.079696532,501
7/21/2011 22:00,0.073196276,502
7/21/2011 23:00,0.062810847,503
7/22/2011 0:00,0.057536,504
7/22/2011 1:00,0.050196078,505
7/22/2011 2:00,0.044102564,506
7/22/2011 3:00,0.039559633,507
7/22/2011 4:00,0.061200215,508
7/22/2011 5:00,0.065850121,509
7/22/2011 6:00,0.07047619,510
7/22/2011 7:00,0.09027735,511
7/22/2011 8:00,0.123726708,512
7/22/2011 9:00,0.12562212,513
7/22/2011 10:00,0.122831461,514
7/22/2011 11:00,0.101419558,515
7/22/2011 12:00,0.114628821,516
7/22/2011 13:00,0.125454545,517
7/22/2011 14:00,0.125721311,518
7/22/2011 15:00,0.117919192,519
7/22/2011 16:00,0.108773784,520
7/22/2011 17:00,0.09388282,521
7/22/2011 18:00,0.086864865,522
7/22/2011 19:00,0.061921569,523
7/22/2011 20:00,0.065801325,524
7/22/2011 21:00,0.071557728,525
7/22/2011 22:00,0.071060198,526
7/22/2011 23:00,0.067256637,527
7/23/2011 0:00,0.057654653,528
7/23/2011 1:00,0.06477842,529
7/23/2011 2:00,0.042963931,530
7/23/2011 3:00,0.036949318,531
7/23/2011 4:00,0.066754763,532
7/23/2011 5:00,0.078113367,533
7/23/2011 6:00,0.05694831,534
7/23/2011 7:00,0.087599469,535
7/23/2011 8:00,0.128206522,536
7/23/2011 9:00,0.12308977,537
7/23/2011 10:00,0.110472222,538
7/23/2011 11:00,0.118646617,539
7/23/2011 12:00,0.124588477,540
7/23/2011 13:00,0.117697479,541
7/23/2011 14:00,0.125595985,542
7/23/2011 15:00,0.11248269,543
7/23/2011 16:00,0.08396903,544
7/23/2011 17:00,0.069492158,545
7/23/2011 18:00,0.062027795,546
7/23/2011 19:00,0.060548926,547
7/23/2011 20:00,0.055186722,548
7/23/2011 21:00,0.050596433,549
7/23/2011 22:00,0.057848251,550
7/23/2011 23:00,0.049320242,551
7/24/2011 0:00,0.051737996,552
7/24/2011 1:00,0.04339632,553
7/24/2011 2:00,0.035247657,554
7/24/2011 3:00,0.029256303,555
7/24/2011 4:00,0.057078861,556
7/24/2011 5:00,0.064745863,557
7/24/2011 6:00,0.049852941,558
7/24/2011 7:00,0.078731402,559
7/24/2011 8:00,0.106375465,560
7/24/2011 9:00,0.10786,561
7/24/2011 10:00,0.111375358,562
7/24/2011 11:00,0.108213166,563
7/24/2011 12:00,0.104781145,564
7/24/2011 13:00,0.102242424,565
7/24/2011 14:00,0.136987088,566
7/24/2011 15:00,0.107728571,567
7/24/2011 16:00,0.081749838,568
7/24/2011 17:00,0.073998371,569
7/24/2011 18:00,0.070338983,570
7/24/2011 19:00,0.057683202,571
7/24/2011 20:00,0.054876543,572
7/24/2011 21:00,0.051477442,573
7/24/2011 22:00,0.053969849,574
7/24/2011 23:00,0.049720528,575
7/25/2011 0:00,0.047387387,576
7/25/2011 1:00,0.036328591,577
7/25/2011 2:00,0.029835931,578
7/25/2011 3:00,0.026843034,579
7/25/2011 4:00,0.047033175,580
7/25/2011 5:00,0.076216475,581
7/25/2011 6:00,0.06735,582
7/25/2011 7:00,0.081772806,583
7/25/2011 8:00,0.135342466,584
7/25/2011 9:00,0.103471074,585
7/25/2011 10:00,0.104528302,586
7/25/2011 11:00,0.110830189,587
7/25/2011 12:00,0.114666667,588
7/25/2011 13:00,0.115458716,589
7/25/2011 14:00,0.119266409,590
7/25/2011 15:00,0.122647059,591
7/25/2011 16:00,0.106795367,592
7/25/2011 17:00,0.082759336,593
7/25/2011 18:00,0.072426614,594
7/25/2011 19:00,0.071325188,595
7/25/2011 20:00,0.063962529,596
7/25/2011 21:00,0.068665019,597
7/25/2011 22:00,0.075448232,598
7/25/2011 23:00,0.071897571,599
7/26/2011 0:00,0.066669202,600
7/26/2011 1:00,0.049838188,601
7/26/2011 2:00,0.047144835,602
7/26/2011 3:00,0.041893349,603
7/26/2011 4:00,0.050609086,604
7/26/2011 5:00,0.069201497,605
7/26/2011 6:00,0.069201497,606
7/26/2011 7:00,0.072477184,607
7/26/2011 8:00,0.137659091,608
7/26/2011 9:00,0.110408805,609
7/26/2011 10:00,0.11599359,610
7/26/2011 11:00,0.105376712,611
7/26/2011 12:00,0.109313433,612
7/26/2011 13:00,0.095557851,613
7/26/2011 14:00,0.115785498,614
7/26/2011 15:00,0.109773869,615
7/26/2011 16:00,0.081658076,616
7/26/2011 17:00,0.082598491,617
7/26/2011 18:00,0.090167364,618
7/26/2011 19:00,0.077692308,619
7/26/2011 20:00,0.067466422,620
7/26/2011 21:00,0.065101394,621
7/26/2011 22:00,0.070106838,622
7/26/2011 23:00,0.078070554,623
7/27/2011 0:00,0.071058475,624
7/27/2011 1:00,0.07060994,625
7/27/2011 2:00,0.060066845,626
7/27/2011 3:00,0.043710227,627
7/27/2011 4:00,0.056670247,628
7/27/2011 5:00,0.107800752,629
7/27/2011 6:00,0.07596,630
7/27/2011 7:00,0.085925926,631
7/27/2011 8:00,0.12421659,632
7/27/2011 9:00,0.098607595,633
7/27/2011 10:00,0.113972603,634
7/27/2011 11:00,0.118854626,635
7/27/2011 12:00,0.1100998,636
7/27/2011 13:00,0.114842657,637
7/27/2011 14:00,0.12083926,638
7/27/2011 15:00,0.111238806,639
7/27/2011 16:00,0.109752577,640
7/27/2011 17:00,0.104363208,641
7/27/2011 18:00,0.092082488,642
7/27/2011 19:00,0.087886563,643
7/27/2011 20:00,0.091984536,644
7/27/2011 21:00,0.093632674,645
7/27/2011 22:00,0.10409019,646
7/27/2011 23:00,0.087305808,647
7/28/2011 0:00,0.078776329,648
7/28/2011 1:00,0.086012039,649
7/28/2011 2:00,0.074702467,650
7/28/2011 3:00,0.070370096,651
7/28/2011 4:00,0.078365879,652
7/28/2011 5:00,0.110487421,653
7/28/2011 6:00,0.080385604,654
7/28/2011 7:00,0.061923077,655
7/28/2011 8:00,0.1198,656
7/28/2011 9:00,0.113601399,657
7/28/2011 10:00,0.124456825,658
7/28/2011 11:00,0.107990074,659
7/28/2011 12:00,0.101994885,660
7/28/2011 13:00,0.10429078,661
7/28/2011 14:00,0.119104235,662
7/28/2011 15:00,0.118211207,663
7/28/2011 16:00,0.118211207,664
7/28/2011 17:00,0.118211207,665
7/28/2011 18:00,0.088594911,666
7/28/2011 19:00,0.080134745,667
7/28/2011 20:00,0.089924937,668
7/28/2011 21:00,0.09738965,669
7/28/2011 22:00,0.080569801,670
7/28/2011 23:00,0.073049075,671
7/29/2011 0:00,0.073475386,672
7/29/2011 1:00,0.072249675,673
7/29/2011 2:00,0.073249839,674
7/29/2011 3:00,0.067632613,675
7/29/2011 4:00,0.072424442,676
7/29/2011 5:00,0.089669582,677
7/29/2011 6:00,0.078436364,678
7/29/2011 7:00,0.09621374,679
7/29/2011 8:00,0.156112311,680
7/29/2011 9:00,0.118900524,681
7/29/2011 10:00,0.132742857,682
7/29/2011 11:00,0.11493188,683
7/29/2011 12:00,0.128949881,684
7/29/2011 13:00,0.122662808,685
7/29/2011 14:00,0.117895954,686
7/29/2011 15:00,0.113000987,687
7/29/2011 16:00,0.085688525,688
7/29/2011 17:00,0.084162971,689
7/29/2011 18:00,0.07679377,690
7/29/2011 19:00,0.078944301,691
7/29/2011 20:00,0.084534413,692
7/29/2011 21:00,0.091303203,693
7/29/2011 22:00,0.092514669,694
7/29/2011 23:00,0.101165644,695
7/30/2011 0:00,0.088655116,696
7/30/2011 1:00,0.079757244,697
7/30/2011 2:00,0.072899454,698
7/30/2011 3:00,0.074077578,699
7/30/2011 4:00,0.072264824,700
7/30/2011 5:00,0.068380682,701
7/30/2011 6:00,0.094821429,702
7/30/2011 7:00,0.093863405,703
7/30/2011 8:00,0.130261438,704
7/30/2011 9:00,0.111311828,705
7/30/2011 10:00,0.098419689,706
7/30/2011 11:00,0.116709265,707
7/30/2011 12:00,0.113532819,708
7/30/2011 13:00,0.125555556,709
7/30/2011 14:00,0.115386534,710
7/30/2011 15:00,0.110234292,711
7/30/2011 16:00,0.092990654,712
7/30/2011 17:00,0.086939535,713
7/30/2011 18:00,0.090749086,714
7/30/2011 19:00,0.083877831,715
7/30/2011 20:00,0.080428571,716
7/30/2011 21:00,0.078868056,717
7/30/2011 22:00,0.082127809,718
7/30/2011 23:00,0.084205052,719
7/31/2011 0:00,0.080601388,720
7/31/2011 1:00,0.068049793,721
7/31/2011 2:00,0.063152973,722
7/31/2011 3:00,0.055147256,723
7/31/2011 4:00,0.060133333,724
7/31/2011 5:00,0.061047794,725
7/31/2011 6:00,0.070915543,726
7/31/2011 7:00,0.083761682,727
7/31/2011 8:00,0.121816638,728
7/31/2011 9:00,0.118093842,729
7/31/2011 10:00,0.093615385,730
7/31/2011 11:00,0.09942029,731
7/31/2011 12:00,0.096405229,732
7/31/2011 13:00,0.100709459,733
7/31/2011 14:00,0.115931034,734
7/31/2011 15:00,0.105705329,735
7/31/2011 16:00,0.103412969,736
7/31/2011 17:00,0.096205882,737
7/31/2011 18:00,0.086907295,738
7/31/2011 19:00,0.088668321,739
7/31/2011 20:00,0.085236593,740
7/31/2011 21:00,0.083054299,741
7/31/2011 22:00,0.086314879,742
7/31/2011 23:00,0.080888889,743
8/1/2011 0:00,0.084465593,744
8/1/2011 1:00,0.078808824,745
8/1/2011 2:00,0.084655963,746
8/1/2011 3:00,0.056882494,747
8/1/2011 4:00,0.072732871,748
8/1/2011 5:00,0.082693947,749
8/1/2011 6:00,0.084090382,750
8/1/2011 7:00,0.090817236,751
8/1/2011 8:00,0.135628866,752
8/1/2011 9:00,0.125981308,753
8/1/2011 10:00,0.121021505,754
8/1/2011 11:00,0.127050147,755
8/1/2011 12:00,0.105648855,756
8/1/2011 13:00,0.111731749,757
8/1/2011 14:00,0.114983923,758
8/1/2011 15:00,0.112511416,759
8/1/2011 16:00,0.099494681,760
8/1/2011 17:00,0.106244666,761
8/1/2011 18:00,0.085483342,762
8/1/2011 19:00,0.087279743,763
8/1/2011 20:00,0.081931217,764
8/1/2011 21:00,0.0881,765
8/1/2011 22:00,0.095575334,766
8/1/2011 23:00,0.098790259,767
8/2/2011 0:00,0.088993135,768
8/2/2011 1:00,0.084732062,769
8/2/2011 2:00,0.087942492,770
8/2/2011 3:00,0.066415525,771
8/2/2011 4:00,0.083180915,772
8/2/2011 5:00,0.092695313,773
8/2/2011 6:00,0.08907818,774
8/2/2011 7:00,0.116447167,775
8/2/2011 8:00,0.150505051,776
8/2/2011 9:00,0.120997442,777
8/2/2011 10:00,0.121716418,778
8/2/2011 11:00,0.130246914,779
8/2/2011 12:00,0.12217033,780
8/2/2011 13:00,0.12084507,781
8/2/2011 14:00,0.137652672,782
8/2/2011 15:00,0.124419355,783
8/2/2011 16:00,0.119978448,784
8/2/2011 17:00,0.102033898,785
8/2/2011 18:00,0.09737069,786
8/2/2011 19:00,0.099019279,787
8/2/2011 20:00,0.104033546,788
8/2/2011 21:00,0.103341483,789
8/2/2011 22:00,0.104043127,790
8/2/2011 23:00,0.092365782,791
8/3/2011 0:00,0.090875536,792
8/3/2011 1:00,0.083280461,793
8/3/2011 2:00,0.071816298,794
8/3/2011 3:00,0.064123711,795
8/3/2011 4:00,0.073069597,796
8/3/2011 5:00,0.08776402,797
8/3/2011 6:00,0.079393035,798
8/3/2011 7:00,0.11324031,799
8/3/2011 8:00,0.135289079,800
8/3/2011 9:00,0.140438596,801
8/3/2011 10:00,0.132291262,802
8/3/2011 11:00,0.098613861,803
8/3/2011 12:00,0.107055703,804
8/3/2011 13:00,0.122393321,805
8/3/2011 14:00,0.118733974,806
8/3/2011 15:00,0.131208333,807
8/3/2011 16:00,0.120161137,808
8/3/2011 17:00,0.102637465,809
8/3/2011 18:00,0.092738288,810
8/3/2011 19:00,0.110486641,811
8/3/2011 20:00,0.091778656,812
8/3/2011 21:00,0.089681063,813
8/3/2011 22:00,0.085400659,814
8/3/2011 23:00,0.0681546,815
8/4/2011 0:00,0.055515654,816
8/4/2011 1:00,0.05300397,817
8/4/2011 2:00,0.047421603,818
8/4/2011 3:00,0.043563805,819
8/4/2011 4:00,0.062851582,820
8/4/2011 5:00,0.090729335,821
8/4/2011 6:00,0.079404642,822
8/4/2011 7:00,0.124388254,823
8/4/2011 8:00,0.192708333,824
8/4/2011 9:00,0.155310881,825
8/4/2011 10:00,0.115978261,826
8/4/2011 11:00,0.122092308,827
8/4/2011 12:00,0.118666667,828
8/4/2011 13:00,0.114611399,829
8/4/2011 14:00,0.116949807,830
8/4/2011 15:00,0.111554664,831
8/4/2011 16:00,0.117184466,832
8/4/2011 17:00,0.10772508,833
8/4/2011 18:00,0.090709329,834
8/4/2011 19:00,0.094083107,835
8/4/2011 20:00,0.090317899,836
8/4/2011 21:00,0.094202335,837
8/4/2011 22:00,0.098012855,838
8/4/2011 23:00,0.09611869,839
8/5/2011 0:00,0.083626707,840
8/5/2011 1:00,0.066204934,841
8/5/2011 2:00,0.062762148,842
8/5/2011 3:00,0.065465207,843
8/5/2011 4:00,0.068255659,844
8/5/2011 5:00,0.108736462,845
8/5/2011 6:00,0.095658915,846
8/5/2011 7:00,0.121594684,847
8/5/2011 8:00,0.169946809,848
8/5/2011 9:00,0.138291925,849
8/5/2011 10:00,0.122438163,850
8/5/2011 11:00,0.12491573,851
8/5/2011 12:00,0.103655172,852
8/5/2011 13:00,0.120434783,853
8/5/2011 14:00,0.127615385,854
8/5/2011 15:00,0.116647399,855
8/5/2011 16:00,0.119007471,856
8/5/2011 17:00,0.123242754,857
8/5/2011 18:00,0.103788122,858
8/5/2011 19:00,0.103911672,859
8/5/2011 20:00,0.10318344,860
8/5/2011 21:00,0.081395534,861
8/5/2011 22:00,0.099740933,862
8/5/2011 23:00,0.093747681,863
8/6/2011 0:00,0.094438202,864
8/6/2011 1:00,0.080683945,865
8/6/2011 2:00,0.081175987,866
8/6/2011 3:00,0.079875,867
8/6/2011 4:00,0.101463608,868
8/6/2011 5:00,0.094619253,869
8/6/2011 6:00,0.103779385,870
8/6/2011 7:00,0.131770833,871
8/6/2011 8:00,0.164243902,872
8/6/2011 9:00,0.114065421,873
8/6/2011 10:00,0.097802691,874
8/6/2011 11:00,0.118575419,875
8/6/2011 12:00,0.144545455,876
8/6/2011 13:00,0.115585106,877
8/6/2011 14:00,0.138979866,878
8/6/2011 15:00,0.117599278,879
8/6/2011 16:00,0.127989556,880
8/6/2011 17:00,0.118690476,881
8/6/2011 18:00,0.112857143,882
8/6/2011 19:00,0.104221106,883
8/6/2011 20:00,0.110081301,884
8/6/2011 21:00,0.109489796,885
8/6/2011 22:00,0.132456321,886
8/6/2011 23:00,0.112317199,887
8/7/2011 0:00,0.097886279,888
8/7/2011 1:00,0.093972713,889
8/7/2011 2:00,0.091709578,890
8/7/2011 3:00,0.08609375,891
8/7/2011 4:00,0.09173913,892
8/7/2011 5:00,0.084681818,893
8/7/2011 6:00,0.092198895,894
8/7/2011 7:00,0.13754717,895
8/7/2011 8:00,0.194764957,896
8/7/2011 9:00,0.137314578,897
8/7/2011 10:00,0.123309179,898
8/7/2011 11:00,0.101875,899
8/7/2011 12:00,0.11389781,900
8/7/2011 13:00,0.123737542,901
8/7/2011 14:00,0.125498534,902
8/7/2011 15:00,0.12430839,903
8/7/2011 16:00,0.107933014,904
8/7/2011 17:00,0.114069051,905
8/7/2011 18:00,0.11420026,906
8/7/2011 19:00,0.115863921,907
8/7/2011 20:00,0.132262017,908
8/7/2011 21:00,0.085232143,909
8/7/2011 22:00,0.08540404,910
8/7/2011 23:00,0.095772358,911
8/8/2011 0:00,0.080902141,912
8/8/2011 1:00,0.081366509,913
8/8/2011 2:00,0.068684555,914
8/8/2011 3:00,0.06375,915
8/8/2011 4:00,0.071808642,916
8/8/2011 5:00,0.099078014,917
8/8/2011 6:00,0.101891892,918
8/8/2011 7:00,0.131940594,919
8/8/2011 8:00,0.198534031,920
8/8/2011 9:00,0.131197411,921
8/8/2011 10:00,0.135933333,922
8/8/2011 11:00,0.137407407,923
8/8/2011 12:00,0.135081081,924
8/8/2011 13:00,0.127449799,925
8/8/2011 14:00,0.134806548,926
8/8/2011 15:00,0.146736292,927
8/8/2011 16:00,0.140640732,928
8/8/2011 17:00,0.124901639,929
8/8/2011 19:00,0.107754941,930
8/8/2011 20:00,0.09730998,931
8/8/2011 21:00,0.105857445,932
8/8/2011 22:00,0.104513274,933
8/8/2011 23:00,0.099837456,934
8/9/2011 0:00,0.081680482,935
8/9/2011 1:00,0.067876106,936
8/9/2011 2:00,0.075276664,937
8/9/2011 3:00,0.067026359,938
8/9/2011 4:00,0.079624921,939
8/9/2011 5:00,0.088817265,940
8/9/2011 6:00,0.089452412,941
8/9/2011 7:00,0.110949914,942
8/9/2011 8:00,0.184171429,943
8/9/2011 9:00,0.126060606,944
8/9/2011 10:00,0.122429022,945
8/9/2011 11:00,0.113667712,946
8/9/2011 12:00,0.121189024,947
8/9/2011 13:00,0.120177305,948
8/9/2011 14:00,0.126299213,949
8/9/2011 15:00,0.160228137,950
8/9/2011 16:00,0.13010118,951
8/9/2011 17:00,0.132857143,952
8/9/2011 18:00,0.106023658,953
8/9/2011 19:00,0.109564902,954
8/9/2011 20:00,0.112048293,955
8/9/2011 21:00,0.109079848,956
8/9/2011 22:00,0.108366935,957
8/9/2011 23:00,0.094412674,958
8/10/2011 0:00,0.086838235,959
8/10/2011 1:00,0.087146226,960
8/10/2011 2:00,0.083532411,961
8/10/2011 3:00,0.079777365,962
8/10/2011 4:00,0.087085357,963
8/10/2011 5:00,0.107430962,964
8/10/2011 6:00,0.103407572,965
8/10/2011 7:00,0.131053763,966
8/10/2011 8:00,0.149262821,967
8/10/2011 9:00,0.149195804,968
8/10/2011 10:00,0.116387097,969
8/10/2011 11:00,0.133109244,970
8/10/2011 12:00,0.113486974,971
8/10/2011 13:00,0.134677419,972
8/10/2011 14:00,0.133651591,973
8/10/2011 15:00,0.162853026,974
8/10/2011 17:00,0.129087838,975
8/10/2011 18:00,0.129151061,976
8/10/2011 19:00,0.095927545,977
8/10/2011 20:00,0.120016653,978
8/10/2011 21:00,0.1399631,979
8/10/2011 22:00,0.1335,980
8/10/2011 23:00,0.11544,981
8/11/2011 0:00,0.093460821,982
8/11/2011 1:00,0.100648649,983
8/11/2011 2:00,0.075134228,984
8/11/2011 3:00,0.071750948,985
8/11/2011 4:00,0.08481982,986
8/11/2011 5:00,0.098591282,987
8/11/2011 6:00,0.111722365,988
8/11/2011 7:00,0.144885932,989
8/11/2011 8:00,0.158951311,990
8/11/2011 9:00,0.168668342,991
8/11/2011 10:00,0.153682171,992
8/11/2011 11:00,0.122562814,993
8/11/2011 12:00,0.151400438,994
8/11/2011 13:00,0.136942675,995
8/11/2011 14:00,0.129286498,996
8/11/2011 15:00,0.116570477,997
8/11/2011 16:00,0.100236486,998
8/11/2011 17:00,0.132017857,999
8/11/2011 18:00,0.121481481,1000
8/11/2011 19:00,0.117148627,1001
8/11/2011 20:00,0.099342916,1002
8/11/2011 21:00,0.086704672,1003
8/11/2011 22:00,0.101101137,1004
8/11/2011 23:00,0.098599349,1005
8/12/2011 0:00,0.079052453,1006
8/12/2011 1:00,0.089099277,1007
8/12/2011 2:00,0.080124754,1008
8/12/2011 3:00,0.081673511,1009
8/12/2011 4:00,0.108480421,1010
8/12/2011 5:00,0.123552124,1011
8/12/2011 6:00,0.123780864,1012
8/12/2011 7:00,0.154623955,1013
8/12/2011 8:00,0.218536122,1014
8/12/2011 9:00,0.174148148,1015
8/12/2011 10:00,0.139515152,1016
8/12/2011 11:00,0.144714715,1017
8/12/2011 12:00,0.130277778,1018
8/12/2011 13:00,0.164316832,1019
8/12/2011 14:00,0.146094364,1020
8/12/2011 15:00,0.158754915,1021
8/12/2011 16:00,0.137076271,1022
8/12/2011 17:00,0.117378723,1023
8/12/2011 18:00,0.112778702,1024
8/12/2011 19:00,0.140034423,1025
8/12/2011 20:00,0.127083333,1026
8/12/2011 21:00,0.103282648,1027
8/12/2011 22:00,0.095020593,1028
8/12/2011 23:00,0.114839491,1029
8/13/2011 0:00,0.1116204,1030
8/13/2011 1:00,0.115210151,1031
8/13/2011 2:00,0.088477829,1032
8/13/2011 3:00,0.078118812,1033
8/13/2011 4:00,0.092610677,1034
8/13/2011 5:00,0.105254453,1035
8/13/2011 6:00,0.147014085,1036
8/13/2011 7:00,0.184960526,1037
8/13/2011 8:00,0.200205339,1038
8/13/2011 9:00,0.167687075,1039
8/13/2011 10:00,0.143217158,1040
8/13/2011 11:00,0.128606965,1041
8/13/2011 12:00,0.176341463,1042
8/13/2011 13:00,0.190699844,1043
8/13/2011 14:00,0.207095491,1044
8/13/2011 15:00,0.170642303,1045
8/13/2011 16:00,0.166080957,1046
8/13/2011 17:00,0.14020934,1047
8/13/2011 18:00,0.121964286,1048
8/13/2011 19:00,0.121059289,1049
8/13/2011 20:00,0.111311258,1050
8/13/2011 21:00,0.105853485,1051
8/13/2011 22:00,0.09390159,1052
8/13/2011 23:00,0.097467422,1053
8/14/2011 0:00,0.103974603,1054
8/14/2011 1:00,0.100102881,1055
8/14/2011 2:00,0.093449612,1056
8/14/2011 3:00,0.093172577,1057
8/14/2011 4:00,0.101034282,1058
8/14/2011 5:00,0.123640988,1059
8/14/2011 6:00,0.168444444,1060
8/14/2011 7:00,0.191602465,1061
8/14/2011 8:00,0.177750557,1062
8/14/2011 9:00,0.136205962,1063
8/14/2011 10:00,0.131743487,1064
8/14/2011 11:00,0.136700337,1065
8/14/2011 12:00,0.135974499,1066
8/14/2011 13:00,0.153161876,1067
8/14/2011 14:00,0.176701183,1068
8/14/2011 15:00,0.149260739,1069
8/14/2011 16:00,0.140222793,1070
8/14/2011 17:00,0.12338488,1071
8/14/2011 18:00,0.113982057,1072
8/14/2011 19:00,0.102060858,1073
8/14/2011 20:00,0.089929078,1074
8/14/2011 21:00,0.103081362,1075
8/14/2011 22:00,0.115312,1076
8/14/2011 23:00,0.097105644,1077
8/15/2011 0:00,0.088761905,1078
8/15/2011 1:00,0.076757406,1079
8/15/2011 2:00,0.063545841,1080
8/15/2011 3:00,0.061545269,1081
8/15/2011 4:00,0.084496503,1082
8/15/2011 5:00,0.125080416,1083
8/15/2011 6:00,0.152823529,1084
8/15/2011 7:00,0.160897436,1085
8/15/2011 8:00,0.208504464,1086
8/15/2011 9:00,0.159442623,1087
8/15/2011 10:00,0.126083333,1088
8/15/2011 11:00,0.147287066,1089
8/15/2011 12:00,0.139072753,1090
8/15/2011 13:00,0.15227758,1091
8/15/2011 14:00,0.175957821,1092
8/15/2011 15:00,0.172835596,1093
8/15/2011 16:00,0.159009901,1094
8/15/2011 17:00,0.145223881,1095
8/15/2011 18:00,0.149354518,1096
8/15/2011 19:00,0.131401693,1097
8/15/2011 20:00,0.124854288,1098
8/15/2011 21:00,0.120876452,1099
8/16/2011 0:00,0.112879852,1100
8/16/2011 1:00,0.094854772,1101
8/16/2011 2:00,0.076005057,1102
8/16/2011 3:00,0.060177479,1103
8/16/2011 4:00,0.072149351,1104
8/16/2011 5:00,0.109337017,1105
8/16/2011 6:00,0.127380457,1106
8/16/2011 7:00,0.180516796,1107
8/16/2011 8:00,0.175753425,1108
8/16/2011 9:00,0.144705882,1109
8/16/2011 10:00,0.139488055,1110
8/16/2011 11:00,0.156717325,1111
8/16/2011 12:00,0.156968912,1112
8/16/2011 13:00,0.173802281,1113
8/16/2011 14:00,0.195833333,1114
8/16/2011 15:00,0.159928315,1115
8/16/2011 16:00,0.156680556,1116
8/16/2011 17:00,0.130603732,1117
8/16/2011 18:00,0.120630542,1118
8/16/2011 19:00,0.117578195,1119
8/16/2011 20:00,0.100228856,1120
8/16/2011 21:00,0.110859775,1121
8/16/2011 22:00,0.100555973,1122
8/16/2011 23:00,0.092830061,1123
8/17/2011 0:00,0.088716931,1124
8/17/2011 1:00,0.075171103,1125
8/17/2011 2:00,0.06719323,1126
8/17/2011 3:00,0.056987645,1127
8/17/2011 4:00,0.073964497,1128
8/17/2011 5:00,0.094048866,1129
8/17/2011 6:00,0.088442029,1130
8/17/2011 7:00,0.119948276,1131
8/17/2011 8:00,0.135165394,1132
8/17/2011 9:00,0.128560411,1133
8/17/2011 10:00,0.120032362,1134
8/17/2011 11:00,0.116625,1135
8/17/2011 12:00,0.115021277,1136
8/17/2011 13:00,0.124337152,1137
8/17/2011 14:00,0.110400972,1138
8/17/2011 15:00,0.14820841,1139
8/17/2011 16:00,0.14627789,1140
8/17/2011 17:00,0.110632911,1141
8/17/2011 18:00,0.129878721,1142
8/17/2011 19:00,0.107172489,1143
8/17/2011 20:00,0.10973913,1144
8/17/2011 21:00,0.10251462,1145
8/17/2011 22:00,0.094912985,1146
8/17/2011 23:00,0.082122862,1147
8/18/2011 0:00,0.07391069,1148
8/18/2011 1:00,0.070796325,1149
8/18/2011 2:00,0.060661157,1150
8/18/2011 3:00,0.044240139,1151
8/18/2011 4:00,0.061606368,1152
8/18/2011 5:00,0.095342625,1153
8/18/2011 6:00,0.080247117,1154
8/18/2011 7:00,0.139586563,1155
8/18/2011 8:00,0.172919463,1156
8/18/2011 9:00,0.145015773,1157
8/18/2011 10:00,0.152935154,1158
8/18/2011 11:00,0.126653846,1159
8/18/2011 12:00,0.134631579,1160
8/18/2011 13:00,0.139772296,1161
8/18/2011 14:00,0.156115385,1162
8/18/2011 15:00,0.161610429,1163
8/18/2011 16:00,0.142340136,1164
8/18/2011 17:00,0.124217759,1165
8/18/2011 18:00,0.112732502,1166
8/18/2011 19:00,0.109907407,1167
8/18/2011 20:00,0.103028302,1168
8/18/2011 21:00,0.108101266,1169
8/18/2011 22:00,0.109340102,1170
8/18/2011 23:00,0.092814313,1171
8/19/2011 0:00,0.086054688,1172
8/19/2011 1:00,0.071062147,1173
8/19/2011 2:00,0.073246045,1174
8/19/2011 3:00,0.053618975,1175
8/19/2011 4:00,0.082250804,1176
8/19/2011 5:00,0.094796031,1177
8/19/2011 6:00,0.096919014,1178
8/19/2011 7:00,0.1448307,1179
8/19/2011 8:00,0.174155844,1180
8/19/2011 9:00,0.15111437,1181
8/19/2011 10:00,0.152806324,1182
8/19/2011 11:00,0.146851312,1183
8/19/2011 12:00,0.162198582,1184
8/19/2011 13:00,0.18921875,1185
8/19/2011 14:00,0.157520243,1186
8/19/2011 15:00,0.158472585,1187
8/19/2011 16:00,0.135728155,1188
8/19/2011 17:00,0.10135442,1189
8/19/2011 18:00,0.100433815,1190
8/19/2011 19:00,0.113808017,1191
8/19/2011 20:00,0.104941176,1192
8/19/2011 21:00,0.097657784,1193
8/19/2011 22:00,0.101288952,1194
8/19/2011 23:00,0.080776915,1195
8/20/2011 0:00,0.077008032,1196
8/20/2011 1:00,0.072477383,1197
8/20/2011 2:00,0.063207071,1198
8/20/2011 3:00,0.049257722,1199
8/20/2011 4:00,0.069444444,1200
8/20/2011 5:00,0.111746183,1201
8/20/2011 6:00,0.095348506,1202
8/20/2011 7:00,0.138808664,1203
8/20/2011 8:00,0.158722892,1204
8/20/2011 9:00,0.142033333,1205
8/20/2011 10:00,0.118189415,1206
8/20/2011 11:00,0.123484848,1207
8/20/2011 12:00,0.155338983,1208
8/20/2011 13:00,0.171588133,1209
8/20/2011 14:00,0.154665757,1210
8/20/2011 15:00,0.144744898,1211
8/20/2011 16:00,0.14298541,1212
8/20/2011 17:00,0.101298157,1213
8/20/2011 18:00,0.089881757,1214
8/20/2011 19:00,0.08879952,1215
8/20/2011 20:00,0.091518395,1216
8/20/2011 21:00,0.088203125,1217
8/20/2011 22:00,0.094031311,1218
8/20/2011 23:00,0.09471008,1219
8/21/2011 0:00,0.0783,1220
8/21/2011 1:00,0.080747005,1221
8/21/2011 2:00,0.064191344,1222
8/21/2011 3:00,0.053881857,1223
8/21/2011 4:00,0.075357711,1224
8/21/2011 5:00,0.115963203,1225
8/21/2011 6:00,0.093984772,1226
8/21/2011 7:00,0.137370242,1227
8/21/2011 8:00,0.17189911,1228
8/21/2011 9:00,0.134024641,1229
8/21/2011 10:00,0.11620178,1230
8/21/2011 11:00,0.111481481,1231
8/21/2011 12:00,0.121878173,1232
8/21/2011 13:00,0.121111111,1233
8/21/2011 14:00,0.127411067,1234
8/21/2011 15:00,0.129568015,1235
8/21/2011 16:00,0.113125,1236
8/21/2011 17:00,0.091846419,1237
8/21/2011 18:00,0.083811024,1238
8/21/2011 19:00,0.090189274,1239
8/21/2011 20:00,0.084863344,1240
8/21/2011 21:00,0.082765273,1241
8/21/2011 22:00,0.07291823,1242
8/21/2011 23:00,0.068718802,1243
8/22/2011 0:00,0.065291051,1244
8/22/2011 1:00,0.059765674,1245
8/22/2011 2:00,0.048922972,1246
8/22/2011 3:00,0.047712878,1247
8/22/2011 4:00,0.063822844,1248
8/22/2011 5:00,0.103051702,1249
8/22/2011 6:00,0.089565217,1250
8/22/2011 7:00,0.12412844,1251
8/22/2011 8:00,0.215017422,1252
8/22/2011 9:00,0.154131274,1253
8/22/2011 10:00,0.151511111,1254
8/22/2011 11:00,0.129569231,1255
8/22/2011 12:00,0.13725537,1256
8/22/2011 13:00,0.141398305,1257
8/22/2011 14:00,0.127036395,1258
8/22/2011 15:00,0.144790528,1259
8/22/2011 16:00,0.11741488,1260
8/22/2011 17:00,0.118756158,1261
8/22/2011 18:00,0.119006309,1262
8/22/2011 19:00,0.113553859,1263
8/22/2011 20:00,0.097901786,1264
8/22/2011 21:00,0.108439024,1265
8/22/2011 22:00,0.099509595,1266
8/22/2011 23:00,0.075466989,1267
8/23/2011 0:00,0.070157895,1268
8/23/2011 1:00,0.063338109,1269
8/23/2011 2:00,0.057822725,1270
8/23/2011 3:00,0.054068915,1271
8/23/2011 4:00,0.080053812,1272
8/23/2011 5:00,0.094207241,1273
8/23/2011 6:00,0.110804348,1274
8/23/2011 7:00,0.141096606,1275
8/23/2011 8:00,0.211731602,1276
8/23/2011 9:00,0.181084337,1277
8/23/2011 10:00,0.158333333,1278
8/23/2011 11:00,0.128907563,1279
8/23/2011 12:00,0.116029412,1280
8/23/2011 13:00,0.120865801,1281
8/23/2011 14:00,0.13373913,1282
8/23/2011 15:00,0.143019481,1283
8/23/2011 16:00,0.124922861,1284
8/23/2011 17:00,0.105073529,1285
8/23/2011 18:00,0.098308116,1286
8/23/2011 19:00,0.093169969,1287
8/23/2011 20:00,0.091882022,1288
8/23/2011 21:00,0.089447139,1289
8/23/2011 22:00,0.102030361,1290
8/23/2011 23:00,0.090307692,1291
8/24/2011 0:00,0.1046875,1292
8/24/2011 1:00,0.074925423,1293
8/24/2011 2:00,0.064918256,1294
8/24/2011 3:00,0.057168142,1295
8/24/2011 4:00,0.072716578,1296
8/24/2011 5:00,0.092595978,1297
8/24/2011 6:00,0.107063492,1298
8/24/2011 7:00,0.140641892,1299
8/24/2011 8:00,0.197115385,1300
8/24/2011 9:00,0.191169591,1301
8/24/2011 10:00,0.103025478,1302
8/24/2011 11:00,0.134267516,1303
8/24/2011 12:00,0.13125,1304
8/24/2011 12:00,0.119452888,1305
8/24/2011 13:00,0.142298578,1306
8/24/2011 14:00,0.121895425,1307
8/24/2011 15:00,0.128388792,1308
8/24/2011 16:00,0.10759388,1309
8/24/2011 17:00,0.134992968,1310
8/24/2011 18:00,0.137509248,1311
8/24/2011 19:00,0.118355995,1312
8/24/2011 20:00,0.099568261,1313
8/24/2011 21:00,0.100749712,1314
8/24/2011 22:00,0.083611794,1315
8/24/2011 23:00,0.089214527,1316
8/25/2011 0:00,0.081010909,1317
8/25/2011 1:00,0.074012841,1318
8/25/2011 2:00,0.066150235,1319
8/25/2011 3:00,0.065890411,1320
8/25/2011 4:00,0.065890411,1321
8/25/2011 5:00,0.079505315,1322
8/25/2011 6:00,0.100915332,1323
8/25/2011 7:00,0.150614334,1324
8/25/2011 8:00,0.161641791,1325
8/25/2011 9:00,0.186170213,1326
8/25/2011 10:00,0.120856269,1327
8/25/2011 11:00,0.139667774,1328
8/25/2011 12:00,0.14809816,1329
8/25/2011 13:00,0.150740741,1330
8/25/2011 14:00,0.128050089,1331
8/25/2011 15:00,0.123235686,1332
8/25/2011 16:00,0.113632019,1333
8/25/2011 17:00,0.103065217,1334
8/25/2011 18:00,0.102137203,1335
8/25/2011 19:00,0.116292517,1336
8/25/2011 20:00,0.096219222,1337
8/25/2011 21:00,0.092603496,1338
8/25/2011 22:00,0.099338422,1339
8/25/2011 23:00,0.085425532,1340
8/26/2011 0:00,0.072625899,1341
8/26/2011 1:00,0.068972149,1342
8/26/2011 2:00,0.06596129,1343
8/26/2011 3:00,0.05469684,1344
8/26/2011 4:00,0.079527778,1345
8/26/2011 5:00,0.092346154,1346
8/26/2011 6:00,0.105986842,1347
8/26/2011 7:00,0.165223097,1348
8/26/2011 8:00,0.175538462,1349
8/26/2011 9:00,0.151849315,1350
8/26/2011 10:00,0.177138264,1351
8/26/2011 11:00,0.121359773,1352
8/26/2011 12:00,0.131615542,1353
8/26/2011 13:00,0.145436242,1354
8/26/2011 14:00,0.131875,1355
8/26/2011 15:00,0.145088567,1356
8/26/2011 16:00,0.138504673,1357
8/26/2011 17:00,0.123757881,1358
8/26/2011 18:00,0.117987805,1359
8/26/2011 19:00,0.110223577,1360
8/26/2011 20:00,0.107444609,1361
8/26/2011 21:00,0.103782096,1362
8/26/2011 22:00,0.095650714,1363
8/26/2011 23:00,0.101652361,1364
8/27/2011 0:00,0.085006061,1365
8/27/2011 1:00,0.085548077,1366
8/27/2011 2:00,0.079329268,1367
8/27/2011 3:00,0.074984127,1368
8/27/2011 4:00,0.095668317,1369
8/27/2011 5:00,0.098101382,1370
8/27/2011 6:00,0.110380623,1371
8/27/2011 7:00,0.135073529,1372
8/27/2011 8:00,0.163687636,1373
8/27/2011 9:00,0.147275132,1374
8/27/2011 10:00,0.11871734,1375
8/27/2011 11:00,0.154738292,1376
8/27/2011 12:00,0.134536082,1377
8/27/2011 13:00,0.131927536,1378
8/27/2011 14:00,0.126748058,1379
8/27/2011 15:00,0.120754006,1380
8/27/2011 16:00,0.118395833,1381
8/27/2011 17:00,0.103737646,1382
8/27/2011 18:00,0.100345141,1383
8/27/2011 19:00,0.098473547,1384
8/27/2011 20:00,0.098511797,1385
8/27/2011 21:00,0.095414013,1386
8/27/2011 22:00,0.086072727,1387
8/27/2011 23:00,0.082103175,1388
8/28/2011 0:00,0.072763975,1389
8/28/2011 1:00,0.062752852,1390
8/28/2011 2:00,0.058738147,1391
8/28/2011 3:00,0.047936306,1392
8/28/2011 4:00,0.068214286,1393
8/28/2011 5:00,0.075954259,1394
8/28/2011 6:00,0.106373626,1395
8/28/2011 7:00,0.096924686,1396
8/28/2011 8:00,0.170033389,1397
8/28/2011 9:00,0.124548105,1398
8/28/2011 10:00,0.114635514,1399
8/28/2011 11:00,0.103448276,1400
8/28/2011 12:00,0.116266174,1401
8/28/2011 13:00,0.126609907,1402
8/28/2011 14:00,0.130183007,1403
8/28/2011 15:00,0.120176532,1404
8/28/2011 16:00,0.111587302,1405
8/28/2011 17:00,0.097624085,1406
8/28/2011 18:00,0.094838435,1407
8/28/2011 19:00,0.084058417,1408
8/28/2011 20:00,0.074329412,1409
8/28/2011 21:00,0.071232986,1410
8/28/2011 22:00,0.066842105,1411
8/28/2011 23:00,0.071921311,1412
8/29/2011 0:00,0.060039841,1413
8/29/2011 1:00,0.055515807,1414
8/29/2011 2:00,0.04909166,1415
8/29/2011 3:00,0.042360097,1416
8/29/2011 4:00,0.060653974,1417
8/29/2011 5:00,0.077756654,1418
8/29/2011 6:00,0.087380497,1419
8/29/2011 7:00,0.129604863,1420
8/29/2011 8:00,0.15834507,1421
8/29/2011 9:00,0.138106509,1422
8/29/2011 10:00,0.150680272,1423
8/29/2011 11:00,0.116778043,1424
8/29/2011 12:00,0.096695096,1425
8/29/2011 13:00,0.123992933,1426
8/29/2011 14:00,0.11081571,1427
8/29/2011 15:00,0.129307432,1428
8/29/2011 16:00,0.125940741,1429
8/29/2011 17:00,0.102137592,1430
8/29/2011 18:00,0.094174208,1431
8/29/2011 19:00,0.109444995,1432
8/29/2011 20:00,0.087268145,1433
8/29/2011 21:00,0.089006135,1434
8/29/2011 22:00,0.087061823,1435
8/29/2011 23:00,0.084105461,1436
8/30/2011 0:00,0.076114833,1437
8/30/2011 1:00,0.060005794,1438
8/30/2011 2:00,0.054295958,1439
8/30/2011 3:00,0.051952888,1440
8/30/2011 4:00,0.092440522,1441
8/30/2011 5:00,0.10940501,1442
8/30/2011 6:00,0.122962138,1443
8/30/2011 7:00,0.147909408,1444
8/30/2011 8:00,0.152699229,1445
8/30/2011 9:00,0.1541875,1446
8/30/2011 10:00,0.115840708,1447
8/30/2011 11:00,0.110201149,1448
8/30/2011 12:00,0.110076142,1449
8/30/2011 13:00,0.108673267,1450
8/30/2011 14:00,0.106678832,1451
8/30/2011 15:00,0.10790795,1452
8/30/2011 16:00,0.119509692,1453
8/30/2011 17:00,0.10154775,1454
8/30/2011 18:00,0.11195734,1455
8/30/2011 19:00,0.101444008,1456
8/30/2011 20:00,0.075349106,1457
8/30/2011 21:00,0.065388128,1458
8/30/2011 22:00,0.089246806,1459
8/30/2011 23:00,0.081305796,1460
8/31/2011 0:00,0.093860812,1461
8/31/2011 1:00,0.079748045,1462
8/31/2011 2:00,0.066393443,1463
8/31/2011 3:00,0.064617761,1464
8/31/2011 4:00,0.08739615,1465
8/31/2011 5:00,0.109590476,1466
8/31/2011 6:00,0.12603912,1467
8/31/2011 7:00,0.125468354,1468
8/31/2011 8:00,0.15630303,1469
8/31/2011 9:00,0.147432432,1470
8/31/2011 10:00,0.133876652,1471
8/31/2011 11:00,0.129890411,1472
8/31/2011 12:00,0.141053812,1473
8/31/2011 13:00,0.117336066,1474
8/31/2011 14:00,0.137372709,1475
8/31/2011 15:00,0.113037594,1476
8/31/2011 16:00,0.110820996,1477
8/31/2011 17:00,0.099688279,1478
8/31/2011 18:00,0.111057935,1479
8/31/2011 19:00,0.145935564,1480
8/31/2011 20:00,0.165860349,1481
8/31/2011 21:00,0.171936872,1482
8/31/2011 22:00,0.183753623,1483
8/31/2011 23:00,0.173424036,1484
9/1/2011 0:00,0.126894531,1485
9/1/2011 1:00,0.107446989,1486
9/1/2011 2:00,0.071866764,1487
9/1/2011 3:00,0.069306358,1488
9/1/2011 4:00,0.136761168,1489
9/1/2011 5:00,0.161497462,1490
9/1/2011 6:00,0.183985891,1491
9/1/2011 7:00,0.190461538,1492
9/1/2011 8:00,0.194280303,1493
9/1/2011 9:00,0.17056338,1494
9/1/2011 10:00,0.18172549,1495
9/1/2011 11:00,0.155087719,1496
9/1/2011 12:00,0.127297297,1497
9/1/2011 13:00,0.127475728,1498
9/1/2011 14:00,0.13867284,1499
9/1/2011 15:00,0.12458498,1500
9/1/2011 16:00,0.119408451,1501
9/1/2011 17:00,0.105145228,1502
9/1/2011 18:00,0.104637681,1503
9/2/2011 15:00,0.125439066,1504
9/2/2011 16:00,0.120748373,1505
9/2/2011 17:00,0.099458545,1506
9/2/2011 18:00,0.10984,1507
9/2/2011 19:00,0.099490334,1508
9/2/2011 20:00,0.108297511,1509
9/2/2011 21:00,0.10954698,1510
9/2/2011 22:00,0.129507909,1511
9/2/2011 23:00,0.143330267,1512
9/3/2011 0:00,0.121093613,1513
9/3/2011 1:00,0.110544783,1514
9/3/2011 2:00,0.10160216,1515
9/3/2011 3:00,0.076283492,1516
9/3/2011 4:00,0.08754858,1517
9/3/2011 5:00,0.127487091,1518
9/3/2011 6:00,0.125506241,1519
9/3/2011 7:00,0.114149798,1520
9/3/2011 8:00,0.148712871,1521
9/3/2011 9:00,0.159177057,1522
9/3/2011 10:00,0.125173267,1523
9/3/2011 11:00,0.125468354,1524
9/3/2011 12:00,0.136340509,1525
9/3/2011 13:00,0.140140845,1526
9/3/2011 14:00,0.135180587,1527
9/3/2011 15:00,0.126968889,1528
9/3/2011 16:00,0.122721951,1529
9/3/2011 17:00,0.112063609,1530
9/3/2011 18:00,0.102248521,1531
9/3/2011 19:00,0.099823477,1532
9/3/2011 20:00,0.09810089,1533
9/3/2011 21:00,0.095011148,1534
9/3/2011 22:00,0.094737828,1535
9/3/2011 23:00,0.093959212,1536
9/4/2011 0:00,0.089599359,1537
9/4/2011 1:00,0.093974933,1538
9/4/2011 2:00,0.086984127,1539
9/4/2011 3:00,0.075833333,1540
9/4/2011 4:00,0.103483977,1541
9/4/2011 5:00,0.124340102,1542
9/4/2011 6:00,0.123559748,1543
9/4/2011 7:00,0.14313278,1544
9/4/2011 8:00,0.153292978,1545
9/4/2011 9:00,0.144975962,1546
9/4/2011 10:00,0.148344988,1547
9/4/2011 11:00,0.121404959,1548
9/4/2011 12:00,0.125106762,1549
9/4/2011 13:00,0.137014446,1550
9/4/2011 14:00,0.145497573,1551
9/4/2011 15:00,0.129219653,1552
9/4/2011 16:00,0.125491892,1553
9/4/2011 17:00,0.112601297,1554
9/4/2011 18:00,0.108785124,1555
9/4/2011 19:00,0.104248705,1556
9/4/2011 20:00,0.0923049,1557
9/4/2011 21:00,0.083620818,1558
9/4/2011 22:00,0.092356688,1559
9/4/2011 23:00,0.078117498,1560
9/5/2011 0:00,0.077226219,1561
9/5/2011 1:00,0.074829876,1562
9/5/2011 2:00,0.065213304,1563
9/5/2011 3:00,0.045191371,1564
9/5/2011 4:00,0.079112319,1565
9/5/2011 5:00,0.117971831,1566
9/5/2011 6:00,0.114479339,1567
9/5/2011 7:00,0.11369515,1568
9/5/2011 8:00,0.175580645,1569
9/5/2011 9:00,0.154212329,1570
9/5/2011 10:00,0.139960784,1571
9/5/2011 11:00,0.131630094,1572
9/5/2011 12:00,0.124085714,1573
9/5/2011 13:00,0.127188552,1574
9/5/2011 14:00,0.133503448,1575
9/5/2011 15:00,0.121689723,1576
9/5/2011 16:00,0.115792593,1577
9/5/2011 17:00,0.098496835,1578
9/5/2011 18:00,0.09504944,1579
9/5/2011 19:00,0.091044487,1580
9/5/2011 20:00,0.081189369,1581
9/5/2011 21:00,0.082579391,1582
9/5/2011 22:00,0.076552795,1583
9/5/2011 23:00,0.078838798,1584
9/6/2011 0:00,0.073962766,1585
9/6/2011 1:00,0.06913879,1586
9/6/2011 2:00,0.051031908,1587
9/6/2011 3:00,0.046815203,1588
9/6/2011 4:00,0.09992016,1589
9/6/2011 5:00,0.102018843,1590
9/6/2011 6:00,0.106287263,1591
9/6/2011 7:00,0.150187266,1592
9/6/2011 8:00,0.140684211,1593
9/6/2011 9:00,0.154042553,1594
9/6/2011 10:00,0.138396947,1595
9/6/2011 11:00,0.116378738,1596
9/6/2011 12:00,0.111181319,1597
9/6/2011 13:00,0.116266376,1598
9/6/2011 14:00,0.116395112,1599
9/6/2011 15:00,0.114629948,1600
9/6/2011 16:00,0.111974522,1601
9/6/2011 17:00,0.094732461,1602
9/6/2011 18:00,0.112244224,1603
9/6/2011 19:00,0.102278912,1604
9/6/2011 20:00,0.09285005,1605
9/6/2011 21:00,0.099158273,1606
9/6/2011 22:00,0.097691358,1607
9/6/2011 23:00,0.085700211,1608
9/7/2011 0:00,0.082378929,1609
9/7/2011 1:00,0.065953788,1610
9/7/2011 2:00,0.049458728,1611
9/7/2011 3:00,0.049789082,1612
9/7/2011 4:00,0.065458377,1613
9/7/2011 5:00,0.089621212,1614
9/7/2011 6:00,0.11107362,1615
9/7/2011 7:00,0.101031746,1616
9/7/2011 8:00,0.151616766,1617
9/7/2011 9:00,0.12474359,1618
9/7/2011 10:00,0.135588235,1619
9/7/2011 11:00,0.094662379,1620
9/7/2011 12:00,0.097656613,1621
9/7/2011 13:00,0.09620098,1622
9/7/2011 14:00,0.085386364,1623
9/7/2011 15:00,0.109326923,1624
